title,preview
NASA Adds Return Sample Scientists to Mars 2020 Leadership Team,The leadership council for Mars 2020 science added two new members who represent the interests of scientists destined to handle and study the first samples from Red Planet.
The Extraordinary Sample-Gathering System of NASA's Perseverance Mars Rover,Two astronauts collected Moon rocks on Apollo 11. It will take three robotic systems working together to gather up the first Mars rock samples for return to Earth.
NASA's Mars Helicopter Attached to Mars 2020 Rover ,The helicopter will be first aircraft to perform flight tests on another planet.
NASA's Curiosity Mars Rover Snaps Its Highest-Resolution Panorama Yet,"To go along with the stunning 1.8-billion-pixel image, a new video offers a sweeping view of the Red Planet."
8 Martian Postcards to Celebrate Curiosity's Landing Anniversary,"The NASA rover touched down eight years ago, on Aug. 5, 2012, and will soon be joined by a second rover, Perseverance."
Nine Finalists Chosen in NASA's Mars 2020 Rover Naming Contest,Nine finalists have been chosen in the essay contest for K-12 students across U.S. to name NASA's next Mars rover. Now you can help by voting for your favorite. 
"NASA, ULA Launch Mars 2020 Perseverance Rover Mission to Red Planet","The agency's Mars 2020 mission is on its way. It will land at Jezero Crater in about seven months, on Feb. 18, 2021. "
HiRISE Views NASA's InSight and Curiosity on Mars,New images taken from space offer the clearest orbital glimpse yet of InSight as well as a view of Curiosity rolling along.
3 Things We've Learned From NASA's Mars InSight ,Scientists are finding new mysteries since the geophysics mission landed two years ago.
Follow NASA's Perseverance Rover in Real Time on Its Way to Mars,"A crisply rendered web application can show you where the agency's Mars 2020 mission is right now as it makes its way to the Red Planet for a Feb. 18, 2021, landing."
"Heat and Dust Help Launch Martian Water Into Space, Scientists Find","Scientists using an instrument aboard NASA’s Mars Atmosphere and Volatile EvolutioN, or MAVEN, spacecraft have discovered that water vapor near the surface of the Red Planet is lofted higher into the atmosphere than anyone expected was possible. "
MAVEN Maps Electric Currents around Mars that are Fundamental to Atmospheric Loss,"Five years after NASA’s MAVEN spacecraft entered into orbit around Mars, data from the mission has led to the creation of a map of electric current systems in the Martian atmosphere."
NASA's Mars 2020 Heads Into the Test Chamber,"In this time-lapse video taken at JPL, engineers move the Mars 2020 rover into a large vacuum chamber for testing in Mars-like environmental conditions."
"What's Mars Solar Conjunction, and Why Does It Matter?","NASA spacecraft at Mars are going to be on their own for a few weeks when the Sun comes between Mars and Earth, interrupting communications."
NASA's Curiosity Takes Selfie With 'Mary Anning' on the Red Planet,The Mars rover has drilled three samples of rock in this clay-enriched region since arriving in July.
